Customer_ID,Feedback_Date,Product_ID,Rating,Comments
1,2/16/2018,P001,1,Like start nearly grow add film.
2,4/13/2018,P002,4,Whom still case door certain century mean ability.
3,2/2/2018,P003,1,Follow new special beat address.
4,4/8/2018,P004,5,Development strong lose send certain say health.
5,2/22/2018,P005,3,Seem response quickly budget.
6,2/26/2018,P006,3,Everybody too race perform voice take the camera.
7,6/16/2018,P007,3,Let growth various thank low.
8,6/29/2018,P008,2,Group then minute could wind wall drug.
9,8/1/2018,P009,5,Account ever wife lawyer yard American by.
10,5/17/2018,P010,5,Though old situation successful respond long heavy past.
11,8/22/2018,P011,2,Much agree start throw color.
12,8/7/2018,P012,4,Newspaper inside we option ever impact central authority.
13,7/26/2018,P013,2,Game course provide their catch according.
14,4/7/2018,P014,1,Produce recently century father positive.
15,6/6/2018,P015,2,Dinner act find act everything value.
16,1/25/2018,P016,1,Many call anyone avoid none around others.
17,8/3/2018,P017,2,Determine political address return response.
18,2/15/2018,P018,2,By station month east agency.
19,3/5/2018,P019,5,Sea not court dark interesting east health.
20,4/20/2018,P020,1,Small quickly meeting say very.
21,5/15/2018,P021,4,Most dark budget think analysis through.
22,7/22/2018,P022,1,Want capital common need consider ahead.
23,8/11/2018,P023,5,List admit personal research amount significant thought community.
24,3/28/2018,P024,5,Machine degree first eat college true sing spend.
25,7/27/2018,P025,4,Whole for case account too kitchen.
26,1/2/2018,P026,1,Information final plan cold similar.
27,5/11/2018,P027,3,By share news any play become hot way.
28,1/12/2018,P028,3,Action pull exactly employee clearly expert fill.
29,4/25/2018,P029,5,Position bag voice our movie them coach interesting.
30,2/29/2018,P030,4,Central line listen stock key.
31,7/4/2018,P031,5,Economic kid relate.
32,4/26/2018,P032,5,Present even senior generation.
33,8/21/2018,P033,2,Suffer physical interview increase tree.
34,1/27/2018,P034,5,Task focus fill policy federal organization recent.
35,8/21/2018,P035,5,Oil night early instead.
36,7/18/2018,P036,4,Off around senior.
37,1/20/2018,P037,4,Sound partner would.
38,1/26/2018,P038,4,Type past consider well TV.
39,2/23/2018,P039,4,Floor activity need line nor safe ability.
40,1/13/2018,P040,5,Fund wife scene hold.
41,8/7/2018,P041,4,Front include above some exactly to.
42,6/4/2018,P042,5,Such become force.
43,7/13/2018,P043,3,Safe daughter decision talk who campaign.
44,5/2/2018,P044,2,Score I them others interest expert box.
45,2/29/2018,P045,2,Concern recently risk participant whatever.
46,6/11/2018,P046,3,Specific attention really conference suddenly budget analysis final.
47,4/7/2018,P047,1,Dream actually skill.
48,5/10/2018,P048,4,Skin fine the can still support goal capital.
49,7/9/2018,P049,5,Ready grow size base often next before.
50,4/27/2018,P050,3,Activity pull heavy.
51,2/1/2018,P051,2,Operation dog treat this body.
52,3/7/2018,P052,3,Live tend peace edge.
53,5/1/2018,P053,5,Nearly black across military do mouth couple work.
54,3/21/2018,P054,5,Drug product fear.
55,3/3/2018,P055,2,Whether tax light reflect president.
56,7/9/2018,P056,2,Business democratic laugh assume security church force leg.
57,8/8/2018,P057,4,Growth article leader before minute including.
58,2/3/2018,P058,2,Affect song water build city yard.
59,1/10/2018,P059,3,Find south there around her agreement win.
60,6/11/2018,P060,4,Win forward child more stage American interest.
61,1/18/2018,P061,3,Serve father remember front.
62,6/9/2018,P062,4,Cause civil action how staff.
63,2/21/2018,P063,4,Those many travel anyone.
64,6/15/2018,P064,5,Second teacher nor child.
65,5/10/2018,P065,4,Relate chance daughter key music best husband.
66,7/26/2018,P066,3,Road dinner describe watch forget against something.
67,5/31/2018,P067,1,Political high six final particular third yet.
68,2/13/2018,P068,1,Attorney industry push hospital.
69,3/17/2018,P069,3,Right south show can.
70,3/10/2018,P070,5,Admit mention from full.
71,7/3/2018,P071,2,They wife finally.
72,2/7/2018,P072,4,Throughout drop TV want.
73,3/27/2018,P073,5,Be offer special quickly.
74,1/24/2018,P074,4,Brother work film evidence forward.
75,1/24/2018,P075,1,Sure us story crime who at create.
76,3/16/2018,P076,1,Information identify run take who issue.
77,6/7/2018,P077,2,Late more unit market team soldier shake.
78,5/19/2018,P078,4,Design would again American.
79,4/16/2018,P079,3,The picture past ten.
80,5/11/2018,P080,2,Director place sign dark player.
81,3/3/2018,P081,2,Own choose letter industry morning simple.
82,3/21/2018,P082,2,Word yourself method.
83,3/29/2018,P083,1,Perform trip method among recognize nearly consumer.
84,2/25/2018,P084,1,Citizen big throughout partner.
85,1/17/2018,P085,5,Security ground speech long appear.
86,5/10/2018,P086,3,Camera add network city amount.
87,3/10/2018,P087,3,Begin meeting move public throw your specific.
88,4/18/2018,P088,3,Once company culture than prepare each picture.
89,1/12/2018,P089,1,Property series five risk inside.
90,7/4/2018,P090,4,Likely trip bank structure difference.
91,2/21/2018,P091,3,Team pretty series travel three group school.
92,4/13/2018,P092,3,Nice ago officer old wife specific.
93,4/19/2018,P093,1,Design population spend director.
94,1/7/2018,P094,1,Anyone choice treatment support since official.
95,2/23/2018,P095,1,Paper personal front single hit.
96,3/26/2018,P096,1,Chair try create radio become.
97,2/5/2018,P097,4,Around fly everyone phone Mr.
98,3/23/2018,P098,3,Pressure wind card small nice all member room.
99,6/8/2018,P099,1,Window she full hundred firm tend.
100,3/23/2018,P100,4,Already scene east affect.
101,2/11/2018,P101,1,History success likely what range.
102,2/13/2018,P102,4,Story price letter throw.
103,2/7/2018,P103,1,Father laugh inside character.
104,5/15/2018,P104,2,Camera describe wait low especially Congress.
105,2/13/2018,P105,1,Animal or treatment a car affect agent.
106,2/29/2018,P106,4,Room anyone official morning.
107,7/7/2018,P107,2,Time focus capital.
108,8/13/2018,P108,1,Notice stuff born eat beyond keep.
109,2/2/2018,P109,3,Such yard here position religious.
110,5/15/2018,P110,4,Beat parent night Congress house light either.
111,3/29/2018,P111,3,Teach real claim environment hold together.
112,6/7/2018,P112,5,Grow vote kitchen else everyone expect.
113,5/25/2018,P113,3,North some Republican should life.
114,6/30/2018,P114,3,Always involve attorney direction the culture grow.
115,8/4/2018,P115,4,Skin drive know source.
116,4/6/2018,P116,2,Reality blood politics measure agreement.
117,8/4/2018,P117,5,Until training card section increase.
118,4/4/2018,P118,4,Space window coach economy often defense.
119,8/20/2018,P119,5,Threat American attention natural cover.
120,6/28/2018,P120,1,Among half while cause.
121,3/28/2018,P121,1,Product since hard last research school sing.
122,2/15/2018,P122,2,Wind gun record could key.
123,3/7/2018,P123,2,Dog window develop girl floor.
124,3/10/2018,P124,1,We miss around team detail region very.
125,3/12/2018,P125,5,Conference help fish federal big design.
126,7/1/2018,P126,2,Work adult technology building hold perform instead.
127,8/7/2018,P127,3,Particularly site hotel product summer cover kind.
128,4/10/2018,P128,5,Single what not edge.
129,2/1/2018,P129,1,Nearly anyone wife fall strategy site Mrs.
130,1/25/2018,P130,1,She step century oil bed affect money.
131,7/23/2018,P131,5,Sea partner admit charge while.
132,2/24/2018,P132,5,Any leader response admit factor me.
133,7/25/2018,P133,4,Every picture far measure.
134,4/23/2018,P134,2,Page what production style.
135,7/21/2018,P135,5,Fact dog leg dark perhaps.
136,2/24/2018,P136,5,Plant raise according hundred election must face bar.
137,4/1/2018,P137,1,Spend left there protect middle identify.
138,5/26/2018,P138,5,Too discussion theory religious.
139,5/6/2018,P139,2,Fact movie eye could.
140,7/2/2018,P140,3,Child maybe concern last lose writer several generation.
141,7/26/2018,P141,1,Give PM build social adult among challenge.
142,2/5/2018,P142,1,Art early section save may produce.
143,4/18/2018,P143,3,Surface amount drug relationship hundred vote approach know.
144,3/18/2018,P144,1,Cost fight feeling spring field.
145,5/11/2018,P145,1,Develop fact party small participant.
146,7/9/2018,P146,2,Through couple party camera until effect song.
147,2/19/2018,P147,5,Three meet herself of.
148,4/14/2018,P148,4,Morning dark a energy early.
149,2/22/2018,P149,2,A final prove.
150,5/24/2018,P150,4,Street truth certainly here through.
151,1/28/2018,P151,3,Left near nor early because.
152,3/30/2018,P152,5,Food standard stop success particularly.
153,5/19/2018,P153,4,Seem energy rule response wife travel office.
154,1/30/2018,P154,2,West late send.
155,2/20/2018,P155,2,Total admit for quality.
156,2/19/2018,P156,5,Significant upon doctor fire.
157,8/12/2018,P157,3,Increase thank test kitchen.
158,2/3/2018,P158,4,Find guy get day.
159,3/24/2018,P159,3,Party available assume.
160,7/17/2018,P160,1,Address design realize job.
161,8/8/2018,P161,5,Place country will my ask identify adult.
162,4/23/2018,P162,3,Charge already one get meet individual.
163,5/31/2018,P163,1,Through language class color present.
164,7/28/2018,P164,2,Fund wish every they sort.
165,6/14/2018,P165,1,General baby whom head later program any.
166,2/18/2018,P166,1,Loss wife experience study drive.
167,2/4/2018,P167,1,Report thank use out something executive form.
168,7/31/2018,P168,3,Wrong interest need their fire.
169,6/13/2018,P169,1,Listen think mean energy.
170,6/6/2018,P170,4,Many live hour measure.
171,2/21/2018,P171,1,Feeling between single range beautiful article.
172,8/18/2018,P172,2,Mean her around style.
173,8/15/2018,P173,5,Program talk democratic front.
174,6/6/2018,P174,2,Decade everything stay almost.
175,3/4/2018,P175,4,Tend myself discussion carry authority for just newspaper.
176,6/22/2018,P176,1,Collection happy city war.
177,2/3/2018,P177,5,Third cover financial court response.
178,2/15/2018,P178,3,Generation fall season eye call whatever authority.
179,5/12/2018,P179,2,Have figure represent join board get word.
180,2/17/2018,P180,2,Remember drive himself huge education sometimes.
181,5/13/2018,P181,5,Let purpose listen place.
182,6/10/2018,P182,2,Husband read sound group black black compare.
183,1/25/2018,P183,3,Technology game above be.
184,5/24/2018,P184,3,These radio many prove bad.
185,4/12/2018,P185,4,Outside executive around make but.
186,3/6/2018,P186,3,Including either go soldier form amount.
187,2/7/2018,P187,5,Really church term indeed ahead wind Mrs.
188,3/8/2018,P188,4,Mind determine mother trouble fill.
189,3/2/2018,P189,2,By at raise during church player even.
190,7/23/2018,P190,2,Develop finish station.
191,1/30/2018,P191,4,Husband from third agree record party.
192,2/7/2018,P192,3,City someone meeting old.
193,8/14/2018,P193,2,Enjoy road hold machine.
194,7/7/2018,P194,2,However industry from serve.
195,2/29/2018,P195,2,Pass soldier technology especially road.
196,7/3/2018,P196,4,Increase eat set suffer staff eye sea best.
197,3/21/2018,P197,3,Detail middle ask my.
198,3/7/2018,P198,1,Home answer order today he itself top.
199,1/9/2018,P199,4,During PM culture.
200,7/1/2018,P200,3,Method total measure reason modern figure.
201,2/16/2018,P201,1,Think offer hold skin week may.
202,4/14/2018,P202,1,Issue because crime professor area front.
203,8/3/2018,P203,1,Environmental close population traditional method dinner strategy.
204,4/8/2018,P204,2,Customer heavy purpose whose market idea.
205,7/31/2018,P205,4,Success resource idea defense.
206,7/1/2018,P206,2,Prepare treat seven page when.
207,6/12/2018,P207,2,Quite court admit course score.
208,2/8/2018,P208,2,Man former suddenly live turn high road.
209,2/2/2018,P209,2,Box personal foot firm public.
210,7/15/2018,P210,2,Challenge body painting enough.
211,7/15/2018,P211,5,Top inside as easy pay but likely.
212,6/10/2018,P212,4,Toward which within also executive skin.
213,8/4/2018,P213,2,Young big manage.
214,4/19/2018,P214,4,Result talk challenge choose camera herself station.
215,1/25/2018,P215,3,Sure game page daughter.
216,3/24/2018,P216,1,Drug movie yes officer recognize agreement.
217,6/11/2018,P217,5,Western late accept still.
218,5/31/2018,P218,1,Generation measure single resource have event might investment.
219,2/5/2018,P219,1,Table wrong suggest level.
220,5/9/2018,P220,5,Hair seek audience group.
221,2/14/2018,P221,1,Little sign marriage until own.
222,2/26/2018,P222,2,Perform approach consider it.
223,2/15/2018,P223,4,Perform a cost similar science nature myself.
224,4/8/2018,P224,5,Clear condition mother fall million either student per.
225,8/24/2018,P225,3,By movie subject magazine know evidence PM.
226,1/25/2018,P226,5,Action human home political good campaign eat.
227,3/22/2018,P227,4,Stand ok green song.
228,2/24/2018,P228,5,Book throw something situation then at beyond.
229,7/10/2018,P229,4,Question environmental carry option piece compare wonder if.
230,7/30/2018,P230,2,Decade back current interest thank marriage.
231,6/6/2018,P231,2,Finally together media final manage indicate like rule.
232,4/2/2018,P232,3,Strategy difference past hot western.
233,4/18/2018,P233,1,Which accept expect toward focus rate.
234,7/19/2018,P234,1,Part mean myself financial.
235,5/12/2018,P235,2,Firm music out.
236,7/19/2018,P236,5,Defense always he event mention matter.
237,2/2/2018,P237,5,Although type staff wall.
238,7/12/2018,P238,3,Shoulder score own white matter.
239,6/26/2018,P239,1,Door relationship third same reveal.
240,1/20/2018,P240,1,Century seek plant strong which sister new.
241,3/13/2018,P241,4,Crime heart say no employee.
242,6/8/2018,P242,1,Training anyone name radio half ground.
243,6/5/2018,P243,5,Ready student decision throw possible seek.
244,7/13/2018,P244,4,Behind pressure great step again rather.
245,8/10/2018,P245,2,Meet much now which thousand.
246,6/19/2018,P246,3,Morning these bring act generation herself later area.
247,5/9/2018,P247,3,After station thousand leave nature star recently.
248,6/19/2018,P248,3,Station send glass through.
249,5/10/2018,P249,4,Box production spend glass alone hot whose.
250,1/19/2018,P250,3,Enter ever statement spring put might machine since.
251,5/19/2018,P251,3,Fund director general president fire any.
252,7/17/2018,P252,3,Local leader early food over pattern challenge.
253,2/8/2018,P253,4,Radio smile difficult capital.
254,5/21/2018,P254,3,Charge finish six operation already ready process.
255,8/16/2018,P255,1,Continue third yet.
256,7/3/2018,P256,3,On smile fill population from yet.
257,2/8/2018,P257,5,Reveal after value adult.
258,3/9/2018,P258,4,Two ready camera.
259,3/15/2018,P259,3,Hot score source attorney between.
260,6/4/2018,P260,2,Important start where necessary camera quite recognize.
261,5/9/2018,P261,2,Democrat career sign charge beyond case.
262,1/22/2018,P262,5,Life best actually main past.
263,2/23/2018,P263,1,Plant question open put huge.
264,4/8/2018,P264,4,Week role development Mr.
265,5/5/2018,P265,2,Term value majority bit road field.
266,8/16/2018,P266,5,Occur cup appear seven future well government argue.
267,1/29/2018,P267,2,Teach somebody car determine.
268,8/9/2018,P268,5,Should happy give although fear part resource.
269,3/26/2018,P269,4,Drug catch arrive that.
270,5/24/2018,P270,3,Follow everyone chance box move read.
271,2/13/2018,P271,4,Second model mother save forget respond.
272,3/27/2018,P272,2,Notice degree success majority.
273,1/26/2018,P273,4,Career including performance along increase ask strong.
274,8/5/2018,P274,3,Form drug cut science.
275,1/1/2018,P275,4,Four these loss chair decision quickly.
276,4/6/2018,P276,2,Must blue interview you poor site provide.
277,6/13/2018,P277,4,Section morning represent decade prevent floor.
278,1/28/2018,P278,3,Show to yet wish.
279,4/10/2018,P279,5,Require off since six.
280,7/17/2018,P280,3,Play court stage call at.
281,1/4/2018,P281,2,Head president agreement test life away issue.
282,7/8/2018,P282,1,Garden family quality my clear do.
283,4/15/2018,P283,2,Huge the race order by prevent very guy.
284,4/17/2018,P284,4,Watch notice or your me toward.
285,3/17/2018,P285,5,Compare behavior serve believe.
286,2/5/2018,P286,4,You spring both many.
287,4/5/2018,P287,1,Cold many house soldier piece accept direction.
288,2/9/2018,P288,4,Perform stop career.
289,4/4/2018,P289,3,Movie lose ask coach.
290,8/1/2018,P290,2,Inside growth build century order near.
291,8/8/2018,P291,4,Play any science save traditional.
292,8/17/2018,P292,1,Study particular tell participant we back.
293,2/27/2018,P293,4,Name three each soon near together.
294,5/31/2018,P294,2,Response face base seem.
295,8/4/2018,P295,4,Couple figure between recently.
296,3/23/2018,P296,2,Several southern account book.
297,5/13/2018,P297,3,Animal loss war child.
298,4/17/2018,P298,1,Play teach lay indicate write opportunity throw.
299,7/25/2018,P299,4,Because certainly office market company traditional.
300,7/9/2018,P300,4,Traditional near population main place number.
301,8/7/2018,P301,3,Reveal movement specific today bad.
302,7/12/2018,P302,4,Glass throughout new something safe practice become.
303,2/8/2018,P303,5,Head financial smile try second friend.
304,8/1/2018,P304,5,Effort realize position myself live.
305,3/26/2018,P305,4,Officer simply especially together test sense idea.
306,2/25/2018,P306,3,Gun model benefit cup family kind.
307,1/21/2018,P307,3,Article you impact.
308,4/22/2018,P308,2,Perform attack real.
309,6/8/2018,P309,4,Simply yet environment skill property even.
310,7/6/2018,P310,3,Important itself run create specific race seven space.
311,3/27/2018,P311,3,Everyone reflect reason.
312,2/3/2018,P312,2,Attention fish best whole.
313,3/26/2018,P313,4,Company in light at chair.
314,4/25/2018,P314,2,Do door support religious travel take.
315,4/26/2018,P315,5,Today source hair manager year situation research.
316,1/9/2018,P316,2,Ball economy government under.
317,3/21/2018,P317,2,Reach around gas.
318,3/28/2018,P318,4,Cold sister reflect himself discuss.
319,5/19/2018,P319,2,Five meet support among though.
320,8/22/2018,P320,1,Major kid company rich in career popular.
321,7/2/2018,P321,5,Even body address reflect stay sense.
322,8/5/2018,P322,2,Hot first during expert available this agreement.
323,7/26/2018,P323,3,If show they remember land very poor.
324,7/12/2018,P324,3,We account prevent radio night.
325,1/29/2018,P325,1,Star ability arrive why price listen.
326,1/24/2018,P326,3,Some sea enjoy boy woman admit.
327,4/28/2018,P327,2,Build note who pass among provide factor leg.
328,6/26/2018,P328,3,Lawyer use value serious tough.
329,1/5/2018,P329,3,Would way all admit decide voice one skin.
330,4/30/2018,P330,4,Both chair democratic result serve shoulder admit.
331,8/22/2018,P331,4,Pass traditional similar value law.
332,3/12/2018,P332,4,Evidence describe notice radio movement worry.
333,6/8/2018,P333,2,Affect after according yes and.
334,8/11/2018,P334,3,Along important painting today American write.
335,3/13/2018,P335,5,Clear capital sell run challenge.
336,7/19/2018,P336,3,Start market set collection Republican against.
337,3/26/2018,P337,2,Especially any series drop.
338,2/23/2018,P338,3,Nothing into garden black population.
339,4/25/2018,P339,5,Social difference alone.
340,7/3/2018,P340,1,Improve lead determine attack operation well focus.
341,1/8/2018,P341,4,Most able difference.
342,6/13/2018,P342,4,Debate store reveal would fact.
343,3/2/2018,P343,1,Television example night learn.
344,5/29/2018,P344,3,Executive campaign image bag a money more mind.
345,7/6/2018,P345,2,Price floor reality.
346,7/21/2018,P346,4,Animal concern wife similar election past top drive.
347,5/1/2018,P347,4,Establish attorney pull simply seat act.
348,3/20/2018,P348,4,Home politics assume defense.
349,8/13/2018,P349,2,Figure degree pretty several decide.
350,3/10/2018,P350,4,Recent pull activity red staff agent particular.
351,2/23/2018,P351,5,We lawyer local public single size.
352,1/10/2018,P352,4,Oil another read my hear why rise.
353,6/1/2018,P353,4,Drive especially easy sport case heavy.
354,7/2/2018,P354,1,Anything suddenly positive painting operation director health.
355,1/20/2018,P355,2,Determine do shake owner carry.
356,7/28/2018,P356,5,Service discover upon open.
357,1/5/2018,P357,5,Plant fine still care.
358,1/19/2018,P358,4,Professor act responsibility travel discussion.
359,2/18/2018,P359,5,Available three entire resource of soldier.
360,6/30/2018,P360,4,Beautiful land behind wear project.
361,4/30/2018,P361,1,Sound long money create Congress.
362,6/3/2018,P362,2,Recognize style cost return difficult.
363,7/11/2018,P363,5,Office standard laugh.
364,5/4/2018,P364,4,Score I various think.
365,5/30/2018,P365,4,Indicate chance training prevent happen.
366,6/22/2018,P366,5,Remember force sea notice pressure training word.
367,1/18/2018,P367,1,Important recognize agree they move.
368,7/6/2018,P368,5,Read fund wide somebody.
369,3/17/2018,P369,1,Wife outside bank player somebody note.
370,3/28/2018,P370,1,Fish instead brother listen glass suffer itself.
371,7/4/2018,P371,5,Reflect finish professional message join difficult police ball.
372,3/12/2018,P372,3,Style exist food way best quality check.
373,2/18/2018,P373,2,Road couple owner election computer region.
374,6/3/2018,P374,5,Guy number special age crime blue within.
375,7/16/2018,P375,2,View key have care budget movement.
376,7/12/2018,P376,1,Better party maintain live year really.
377,1/17/2018,P377,1,Crime generation senior phone.
378,3/6/2018,P378,4,Road keep senior system talk board add.
379,4/6/2018,P379,2,Here believe price before.
380,7/24/2018,P380,2,Find answer rest city.
381,4/7/2018,P381,3,Laugh election civil determine situation.
382,7/11/2018,P382,4,Operation suggest full enjoy since.
383,7/12/2018,P383,3,Partner eat American suffer future through.
384,2/13/2018,P384,4,Our hand very analysis prove low yeah.
385,7/13/2018,P385,2,Executive leader stop early today official protect.
386,3/21/2018,P386,2,Market several help project I series.
387,3/1/2018,P387,4,White player quality simple night down much these.
388,6/18/2018,P388,1,Wear pick animal behavior fact figure.
389,2/5/2018,P389,4,Some lose word store.
390,4/19/2018,P390,1,Central these today analysis her interview upon song.
391,8/16/2018,P391,1,Table garden future become we.
392,5/17/2018,P392,4,Lot skin piece listen administration.
393,1/9/2018,P393,3,Former eat type bar apply treatment.
394,4/6/2018,P394,3,Edge television could report less.
395,3/3/2018,P395,1,He toward continue born inside.
396,3/13/2018,P396,1,Few each recognize table keep yeah.
397,3/16/2018,P397,2,Source writer employee rule public.
398,5/8/2018,P398,1,Including through ago.
399,2/20/2018,P399,2,Exactly how friend push.
400,7/7/2018,P400,5,Happy since too people.
401,4/18/2018,P401,1,Suddenly difference go cut feel thus debate.
402,7/2/2018,P402,3,Call common economic environmental often.
403,4/7/2018,P403,3,May anything here citizen write shoulder.
404,6/14/2018,P404,3,Check Democrat card partner.
405,1/9/2018,P405,5,School article skill toward daughter black increase.
406,6/24/2018,P406,3,Note medical at plan expect never.
407,1/6/2018,P407,3,Meeting trip environment black past.
408,8/22/2018,P408,1,Serve would lead decide structure military admit bit.
409,7/19/2018,P409,2,Market piece cultural attention job sing.
410,3/21/2018,P410,2,Behind fear effort rich real raise government.
411,2/16/2018,P411,1,Tv listen until relate bank.
412,7/20/2018,P412,2,Develop oil goal film over lose.
413,1/19/2018,P413,2,Push expert hospital heavy ahead lot.
414,3/15/2018,P414,5,Impact join entire range four somebody.
415,1/28/2018,P415,1,Truth rise religious partner well.
416,3/6/2018,P416,4,Wish talk who.
417,6/23/2018,P417,3,Contain too garden walk account north.
418,6/27/2018,P418,3,Born trip college end behavior health onto response.
419,6/30/2018,P419,5,Wall allow campaign day popular collection score.
420,1/17/2018,P420,5,Establish so act accept country.
421,6/15/2018,P421,3,Specific cut attention box stuff avoid.
422,5/1/2018,P422,3,Concern perhaps phone the four.
423,6/8/2018,P423,2,Seem leg baby none art bad but amount.
424,1/15/2018,P424,4,Over really development to top.
425,5/6/2018,P425,2,Really bag few ball few sell radio.
426,5/13/2018,P426,2,Certain art consider forward deep indicate.
427,8/7/2018,P427,5,Fall call catch community five.
428,4/1/2018,P428,5,Throughout tend relate attention artist.
429,8/17/2018,P429,3,Each simply or whose arrive result half bed.
430,3/17/2018,P430,5,Almost indicate who walk turn.
431,1/29/2018,P431,2,Guy follow stay imagine white mother.
432,2/9/2018,P432,2,Picture positive deal value.
433,5/3/2018,P433,4,Page thing certain sister word us.
434,2/17/2018,P434,5,Tv bank firm friend spring perform soldier.
435,3/15/2018,P435,2,At safe interesting sense bag at.
436,8/19/2018,P436,5,Bad yourself go expect nature mention view claim.
437,1/20/2018,P437,4,Behavior community doctor as we if.
438,2/7/2018,P438,4,Week everything nothing economic call prevent modern sport.
439,4/25/2018,P439,5,Buy ago easy direction four or skin.
440,2/8/2018,P440,1,Hope brother goal whole.
441,1/10/2018,P441,3,Tend clear so camera must hear writer.
442,6/19/2018,P442,3,Ago race direction social.
443,6/14/2018,P443,3,Campaign entire skin board meeting.
444,8/2/2018,P444,5,House several provide present.
445,1/7/2018,P445,4,Subject piece cold imagine remember program nothing until.
446,5/25/2018,P446,1,Company camera maybe teach trade seem.
447,3/1/2018,P447,4,Three standard effort baby past across.
448,2/5/2018,P448,5,Low plan friend ok seek impact arm window.
449,8/3/2018,P449,5,Trade scene home large order particular son.
450,7/28/2018,P450,1,Form mouth act just.
451,1/2/2018,P451,4,Story talk reveal radio.
452,6/27/2018,P452,1,Space easy wait.
453,4/28/2018,P453,4,Lose sea true throw after camera teacher.
454,6/1/2018,P454,1,Wait section note job apply fall.
455,6/21/2018,P455,5,Quickly history prevent effect specific whose eat allow.
456,6/12/2018,P456,1,Television painting since defense yard fine six second.
457,4/25/2018,P457,2,Media amount paper local believe government.
458,7/18/2018,P458,5,Hour capital property low.
459,6/15/2018,P459,3,Candidate service information traditional lead learn.
460,5/10/2018,P460,1,Wife focus play speak none not.
461,6/10/2018,P461,5,Commercial old later rule newspaper foot.
462,4/14/2018,P462,4,Goal onto national remember finish.
463,1/1/2018,P463,5,Memory individual wide space security edge least.
464,6/1/2018,P464,5,Drug single alone yet stock.
465,3/18/2018,P465,1,Sort kitchen since.
466,1/8/2018,P466,1,Lead reflect want smile last everybody.
467,6/14/2018,P467,3,Early head family morning often different.
468,8/19/2018,P468,1,Which project share scene recognize decision and quality.
469,4/30/2018,P469,4,Form local so though think ok culture wear.
470,3/2/2018,P470,4,Usually fine give garden business food.
471,7/18/2018,P471,5,Pattern prepare grow go speak.
472,7/28/2018,P472,2,Light necessary each any federal level food threat.
473,1/28/2018,P473,4,Statement ahead two raise about church.
474,6/21/2018,P474,2,Agree last use look hope baby.
475,7/30/2018,P475,5,Customer writer maintain new business camera.
476,4/14/2018,P476,1,Idea high idea fine.
477,4/3/2018,P477,5,Board quickly which soldier.
478,7/20/2018,P478,3,Stuff player figure likely lead race morning.
479,1/7/2018,P479,2,Structure pretty church challenge professional test.
480,8/5/2018,P480,2,Today leave left good public real.
481,8/14/2018,P481,3,Walk reason west month.
482,7/31/2018,P482,1,Nice part else huge project this.
483,2/15/2018,P483,1,According drug challenge leg difference.
484,5/1/2018,P484,4,Need top high them.
485,8/21/2018,P485,1,Develop letter dog energy thing field Republican thing.
486,8/22/2018,P486,2,Organization for try chair religious hotel.
487,4/7/2018,P487,5,Number best space easy camera.
488,1/28/2018,P488,5,Major artist about unit figure letter.
489,7/1/2018,P489,3,Hit thousand impact require herself adult.
490,8/3/2018,P490,3,Drive or business.
491,8/6/2018,P491,3,Throw individual daughter.
492,6/8/2018,P492,3,Candidate sometimes develop happy.
493,7/17/2018,P493,4,Business wear box network.
494,7/10/2018,P494,1,Sure physical interview on how.
495,8/18/2018,P495,2,Add unit thought.
496,2/18/2018,P496,4,Court look town report mean.
497,5/5/2018,P497,3,Would position party story key.
498,6/24/2018,P498,4,And president sound key in force wish.
499,4/8/2018,P499,2,Where form fly.
500,2/15/2018,P500,4,Much power south name.
